-- phpMyAdmin SQL Dump
-- version 5.1.1
-- https://www.phpmyadmin.net/
--
-- Host: 127.0.0.1
-- Generation Time: Mar 11, 2022 at 04:33 PM
-- Server version: 10.4.21-MariaDB
-- PHP Version: 7.4.23

SET SQL_MODE = "NO_AUTO_VALUE_ON_ZERO";
START TRANSACTION;
SET time_zone = "+00:00";


/*!40101 SET @OLD_CHARACTER_SET_CLIENT=@@CHARACTER_SET_CLIENT */;
/*!40101 SET @OLD_CHARACTER_SET_RESULTS=@@CHARACTER_SET_RESULTS */;
/*!40101 SET @OLD_COLLATION_CONNECTION=@@COLLATION_CONNECTION */;
/*!40101 SET NAMES utf8mb4 */;

--
-- Database: `educationunlocked`
--

-- --------------------------------------------------------

--
-- Table structure for table `card`
--

CREATE TABLE `card` (
  `id` int(255) NOT NULL,
  `name` varchar(255) NOT NULL,
  `images` varchar(255) NOT NULL
) ENGINE=InnoDB DEFAULT CHARSET=utf8mb4;

--
-- Dumping data for table `card`
--

INSERT INTO `card` (`id`, `name`, `images`) VALUES
(1, 'PHYSICS', 'Images/physics.jpg'),
(2, 'CHEMISTRY', 'Images/chemistry.jpg'),
(3, 'MATHEMATICS', 'Images/mathematics.jpg'),
(4, 'BIOLOGY', 'images/biology.jpg'),
(5, 'ICT', 'images/ict.jpg'),
(6, 'ENGLISH', 'images/english.jpg');

-- --------------------------------------------------------

--
-- Table structure for table `comment`
--

CREATE TABLE `comment` (
  `commentid` int(11) NOT NULL,
  `userid` int(11) NOT NULL,
  `postid` int(11) NOT NULL,
  `comment` text NOT NULL,
  `date` varchar(255) NOT NULL
) ENGINE=InnoDB DEFAULT CHARSET=utf8mb4;

--
-- Dumping data for table `comment`
--

INSERT INTO `comment` (`commentid`, `userid`, `postid`, `comment`, `date`) VALUES
(1, 3, 1, 'application/json', '01/02/22 07:39:29pm'),
(3, 1, 3, '4×10^7 W\r\n', '02/02/22 06:39:29pm'),
(6, 3, 2, 'Heat does not rise, hot air does (usually). Heat can spread out in all directions. There are three main ways for heat to travel:\r\n1.Radiation\r\n2.Conduction\r\n3.Convection', '03/02/22 06:09:29pm'),
(9, 1, 1, 'for json:\r\nContent-Type: application/json\r\nfor json-p:\r\nContent-Type: application/javascript', '04/02/22 06:55:22pm'),
(10, 3, 3, 'thanks', '08/02/22 01:39:29pm'),
(11, 3, 3, 'thanks', '12/02/22 03:00:07pm');

----------------------------------------------------------
--
-- Table structure for table `contactus`
--

CREATE TABLE `contactus` (
  `id` int(11) NOT NULL,
  `name` varchar(255) NOT NULL,
  `email` varchar(255) NOT NULL,
  `messages` text NOT NULL
) ENGINE=InnoDB DEFAULT CHARSET=utf8mb4;

--
-- Dumping data for table `contactus`
--

INSERT INTO `contactus` (`id`, `name`, `email`, `messages`) VALUES
(1, 'Akib', 'a@gmail.com', 'Hello');


--
-- Table structure for table `donation`
--

CREATE TABLE `donation` (
  `id` int(11) NOT NULL,
  `userid` int(11) NOT NULL,
  `amount` double NOT NULL,
  `transactionID` varchar(255) NOT NULL,
  `text` text DEFAULT NULL,
  `date` varchar(255) NOT NULL
) ENGINE=InnoDB DEFAULT CHARSET=utf8mb4;

--
-- Dumping data for table `donation`
--

INSERT INTO `donation` (`id`, `userid`, `amount`, `transactionID`, `text`, `date`) VALUES
(2, 3, 500, '622230ac3792a', 'best website', '04/03/22 09:30:52pm'),
(3, 4, 100, '622b5921d5b1a', '', '11/03/22 08:13:53pm');

-- --------------------------------------------------------

--
-- Table structure for table `likedpost`
--

CREATE TABLE `likedpost` (
  `likeid` int(11) NOT NULL,
  `userid` int(11) NOT NULL,
  `postid` int(11) NOT NULL
) ENGINE=InnoDB DEFAULT CHARSET=utf8mb4;

--
-- Dumping data for table `likedpost`
--

INSERT INTO `likedpost` (`likeid`, `userid`, `postid`) VALUES
(30, 1, 1),
(32, 1, 2),
(33, 2, 2),
(34, 1, 3);

-- --------------------------------------------------------

--
-- Table structure for table `live`
--

CREATE TABLE `live` (
  `id` int(11) NOT NULL,
  `link` varchar(255) NOT NULL,
  `created_at` varchar(255) NOT NULL,
  `start_time` varchar(255) NOT NULL,
  `user_id` int(11) NOT NULL,
  `topic` varchar(255) NOT NULL
) ENGINE=InnoDB DEFAULT CHARSET=utf8mb4;

--
-- Dumping data for table `live`
--

INSERT INTO `live` (`id`, `link`, `created_at`, `start_time`, `user_id`, `topic`) VALUES
(3, 'https://bdren.zoom.us/j/63726345840', '11/03/22 08:34:16pm', '12/03/22 08:00:00am', 1, 'physics'),
(4, 'https://bdren.zoom.us/j/63793215654', '11/03/22 08:34:24pm', '12/03/22 06:00:00pm', 1, 'math');

-- --------------------------------------------------------

--
-- Table structure for table `post`
--

CREATE TABLE `post` (
  `postid` int(11) NOT NULL,
  `userid` int(11) NOT NULL,
  `text` text NOT NULL,
  `category` varchar(255) NOT NULL,
  `created_at` varchar(100) NOT NULL
) ENGINE=InnoDB DEFAULT CHARSET=utf8mb4;

--
-- Dumping data for table `post`
--

INSERT INTO `post` (`postid`, `userid`, `text`, `category`, `created_at`) VALUES
(1, 2, 'What is the correct JSON content type?', 'Others', '24/01/22 07:39:29pm'),
(2, 2, 'What makes heat rise?', 'Physics', '25/01/22 10:34:45pm'),
(3, 3, 'A rocket of mass 2×10^5kg starts from rest at ground level and accelerates vertically upward at 4m/s^2. What is the instantaneous power of the engine when the rocket is at a height of 312.5 m above the ground level?', 'Physics', '25/01/22 11:08:30pm');

-- --------------------------------------------------------

--
-- Table structure for table `team`
--

CREATE TABLE `team` (
  `id` int(11) NOT NULL,
  `img` blob NOT NULL,
  `Name` varchar(255) NOT NULL,
  `email` varchar(255) NOT NULL,
  `Description` text NOT NULL
) ENGINE=InnoDB DEFAULT CHARSET=utf8mb4;

--
-- Dumping data for table `team`
--

INSERT INTO `team` (`id`, `img`, `Name`, `email`, `Description`) VALUES
(1, 0xffd8ffe000104a46494600010100000100010000ffdb008400060606060706070808070a0b0a0b0a0f0e0c0c0e0f1610111011101622151915151915221e241e1c1e241e362a26262a363e3432343e4c44444c5f5a5f7c7ca701060606060706070808070a0b0a0b0a0f0e0c0c0e0f1610111011101622151915151915221e241e1c1e241e362a26262a363e3432343e4c44444c5f5a5f7c7ca7ffc2001108012c012c03012200021101031101ffc4002c000100030101010000000000000000000000040506030201010100000000000000000000000000000000ffda000c03010002100310000002ca0000000001d8e2d27833cbdf851b41d8ccb4b08a77bf000000000000000000000f7235446b0000002364b6d5a655635c00000000000000000fbf2c4d1490000000014d73f0c23b710000000000000001774976684000000000192813e00000000000000000b8a7b23540000000000c7c3edc40000000000000005bc7d68000000000f3e86460eef1073000000000000001336184db9d00000000001e70fabc90000000000000000d266fb9b54594000000002b8aca7f5e4000000000000000024ecf07b32480000003c61f51960000000000000000001734df4dda04f00000152544000000000000000000003bce2bb4f941bc64ec8ba568b252559739bf3d8e2b6a90000000000000000956e515ddd7b3c78ec309f27c004b222fb8150fbf05cd36b49f0a68c9d7ef211905ad61e4000000001f752565d4b0000053e6f6f893a6d717b53e833b4b794676dae7b440003c7b15145b4f0619615e0000005ae9a9ee0fa00000193d65399bd3e6269aff003eab4ce707734f3be7d00000022e37798839000000d4d957d81f40000039f4184bc87a12573e830b73c2ec9a000000063b639021000000d5d856599f400000010e60010e5fd00000000321afc6914000005d687096e695cfa000000000000000000ae25637df100000000eb734236bdf0730d833f34b346ee7a00000001ca31394d00d3d766799615e000000000000003efc1dbac413bd578b15709fe61093c7c000000000003fffc40002ffda000c0301000200030000002100000000000c00c000000000000000000000014000000804000000000000000014800000000100000000000000000100000000000a00000000000000000000000000020000000000000000c00000000000a0000000000000002800000000002800000000000000000000000000480000000000000000020000000000000000000000000000020000002000000000000000000011410810030000000000000000cc3020000051000c000000000600000008100a30000000000000014000000510520a00000020000000d00000000a10a0000000040000001400000000001000000000400000050800000000000000000420000000040c004000000008118c00000000000000000c0080000000000003ffc40002ffda000c03010002000300000010f3cf3cf3cf38d38f34f3cf3cf3cf3cf3cf3cf30000000930f3cf3cf3cf3cf3cf28000000000034f3cf3cf3cf3cf3ca0000000000073cf3cf3cf3cf3cf3800000000001cf3cf3cf3cf3cf3cc00000000000e3cf3cf3cf3cf3cf00000000000024f3cf3cf3cf3cf3cb0000000000053cf3cf3cf3cf3cf3c800000000b3cf3cf3cf3cf3cf3cf2c20000013cf3cf3cf3cf3cf3cf3ce28300228e3cf3cf3cf3cf3cf34030738e34f0043cf3cf3cf3cd00000034800728000434d3cf3cf1400000043c118a00000034f3cf3c70000000051050000000053cf3cf1c000000020030000000010f3cf3c70000000000000000000473cf3cf3c30420c00000000410cb3cf3cf3cf3cf3cb3c70cb1cf3cf3cf3cf3ffc40014110100000000000000000000000000000080ffda0008010201013f0034ff00ffc40014110100000000000000000000000000000080ffda0008010301013f0034ff00ffc4003c10000102030406070508020300000000000102030004051112215113303140417110223252618191152042a1b11423243443536282507233a2d1ffda0008010100013f02ff0026cadb4abef1bbc984d3249d405a0aac39183456f83aa8f629fdff00fac7b155fbe3d205151c5e3e9028f2bde5fac1a3cbf05ac43b47793ff1ac2be50b42d0abaa49077d6db5b8aba8492629cc3cc3252e59b6d0351312cd4c22eac723943ecad97148570dee5251732e58360da61961a6117509d54f48fda4a08500443d4c9a6c5b6050f0de402480369895974cbb2940f3e7ada9c90520bc81d61daf1de296ddf9b4ff00116ebdf6f46f388c95bbd147de3c7c06bea62c9d77cbe9bbd17b6f721afa9fe75df2fa6ef463f7ee0fe1afa81b671ee7bbd29564e27c411af9855e7dd566b3bbcac84db6eb4e5dd873d72af5d55ddb6610ed3a69b41594e036d9bb53521538d5be277175375c5a7251dd6417727193e367aee0480093c2146f289cceea0904110d2c38da163e216ebea2ee8e5179ababebbbd21fbcd168ed4ece475f577ef3a9687c3b799dde5df530ea569866725debb75789f878eb666a2c348375414be0214a2a5151389de2517a399695fcb58b504214a3c05b1b77a947b4d2edaf8d98f3d5d55eb92d778acd9bdd2262eacb2762b673d5d46634d306ceca701bd8241b4448cd8986f1ed8da353539cd1234483d756df01beb6e2da585a0d8444a541a7ec07aabcb3e5efce54d0d5a86bacbcf808528a8924da4ef6c4bbcfaac426df1e11354efb3cb85deb4dbd6e966a532d617af0f184565a3db6d439631ed593ef1f4835593ef13e50bacb7f0344f3c21f9f997b02ab0643a186b4af2119989aa538ddaa6bae9cb8ef0db4e3aaba8492625a9036be7fa884a1284dd480043ede9595a33104586cd4d1dab5d5b9dd160f3e89991626368b15de11314e98671b2f2731ba332732f765b3666708628e818baabde036421b4369b10900787b952674734bc95d6e997937e63b030ccec8145cdff943d487902d4282fe460820d87a69cce8a5519abac7cfdc7e4259fc4a6c39887a92fa3b162c7ce1485a0d8a4907c75f2d497578ba6e0cb8c33252ccf65bc7338fbf586af32973ba7ebd0cb7a579b466a84a528484a458074d6190168707c581e8976b4afb68ccfbeb42162c52411e30fd2195e2d9b87e50fcb3cc2ac5a7cf86ac02480369891904302f2b173e9a979b0eb4b46620820906187346f36bc943dcad398b4df9f4519ab5c5bb90b079ea56843892958b4189e9232cab46283b355496afcc5e3f00f9eaea6d68e69592b1e8a5cce919d19ed23e9d0a212093b044cbc5e796e6670e5d14f6b452ade6713e7aa9b674d2ee27c30e7aaa327ee5c566ab3d357586af32973ba7ebd14fd27dadab99e3cba2a97fec8abb98bdcba259ad2beda333ac79371e7139288d4d247e0c78a8eadd6c38dad0788b20829241da228cce2e3bfd4743880e21483b08b2169285292768364519ab56e3b9603593e2c9b7bfdb534bfc9a399d6551ad1cd28f05e3126ce8659b4f1b31e67a6accdc99bdc163e7120d68a55b1c4e27cf5950fce3dcf534bfc9a399d64d4a87d4c1eeaf1e5ee4e4a8984a064b07cb8eb6a1f9c7b9ea6907f09fdcefb3a6d9b7ff00df534a9b4376b2bc2f1b41df26261b61b2b5f90ce1c5df5ad67e224faeaa4ea8a6ec43b8a73e221b71b713790a046f33551658b40eb2f287df71f5de59d634f3ad2ad42c8862b1c1e479886a6587bb0e03ba1200b4987aa92cdec37cf844c54a61ec01b89c86e2dcfcdb7b1c279e30dd695f1b43ca11569456dbc9e63ff213372aad8f23d6010761d5a9e693da71239985d464d3fab6f2c6175968761b51e7843956995766ea61c79d70f5d64f3ddf640987c6c797eb027a6c7eb2a3da53bfbdf211ed49dfdcf908f6a4e77c7a47b5273be3d23da73bfbbf2106a1387f58c19b9a3faebf582e2d5b564f9ff95fffc4002a10010000030605040301000000000000000100112130314041517110618191f0a1b1c1d120e1f150ffda0008010100013f21ff004e871af2689b4a034ce67ec8caedc18728f8de3c8fdc67bed2fdc0af5e8fa87fbd0fc410bc86f42a12c9c68e42c885dea94339585f81937c2f5bcda9ae2ee05d2cfb8312c66e6ef64e4ce8cf321502b7fa624da9a4839b17815ef5b549df541935df106e6e6f8db208894639df06d961f6017adbee09fd18754ade7e5d387ef4fa96f30edec4b0f22ff3a7f16fcce3eb86054026b710b5202a49395b4a949ce939c0636a4c9cb0d2c977a060104930075c03a385e707c4c05db426f4854f31ef85be406645cb03dd6f7d721e3961e732acedc4e850cf0e32babcd4d22523d65ab23743af3899a91579b88aed400ecd1b4bb39d748552b7b8aac9549b146ce661f60bdc5cdee6f96b675e7c75c5804923318afc07fbac45280f06b8eeca3566aeefcc2904013b226ae78b9a3eac8dd8aee33c92789c6c75fac5fcbb3e902e5f5c0aed93f9837ad7e13835e8fce0c5e58ed9c568761fb84951c3edc6be60529df0ab0506ae025029e79d72844449193633eca750e09b3df8ebac4f478ba984923d227ac48e6db5dd0534a84bf0a58c975bfd78d724eda14f3b97ef0b24cca04008978f1accf01e9f84f3a1f7ac4f97d843947212b605402b009e45e912641dd3f396c565bb7072863a41981483896d9b74e09a4f3db380000fcb92fa138992b42f8534b4155b599a134906ab02cc6cfda58b9f3c824248c922775cc76ce04411a3c4135e0beb4384d229d62c4656fc306566ead393646e549bd5759cd61465eb7f0adb93be4e0b5c826bc8847721a0bb84b4946ca1496b56c54b297fc69fbb392856bedc17d24fec70bfb4e01d49f6ce02542cff0099f363217536774d3f741952444e645425df63c2f6d6bac0d754b72268173acdf6921eeef5b1f3bada494284bf3140733bce342978e8a314d28f5ad1e99ed63e775b44a4afbe0fc1059c7b16be99ed63336634eb01dac7de21574b18887b8b4210c554ea9d9073397e49c0a42ccc4ce172b96ec2c9f723236b498b3cb3de2e7c1e90474acfb6115000cda44ece5b77bc4dbb81eae00655225a09a7dd01bf7372f78bc3e06a8f7dd27bc0f304e567e86e1192b61879ca778a381e44df5898b7f4f0e2a98ca2ebbb38b8baecfde00cde1ca0d045fcec7f3b0f2de5a47d30117ef7647ad527fd5fffc4002a100100010106050500030100000000000001110021303140415110617191a12081b1c1f050d1f1e1ffda0008010100013f10fe4ca59b1d6b3454a2a08fd5a4522eb675854ffa9a11ed37cda13dff00e9a9f6a73150f266b2bc654670e7707bb0cfbbb15ae01033211b877611bcb9344d5b58306c066f4b79d3fb95182eb6fbbba7fe96564b4a0ca92ad41d40d2228909986d609b152028891241d6c5bd2902d2b5fa19801e5bf52c796f8d02088e08d471874b9cb8dd6f74bf725f9197a3ddbf65bf445d0265c877ebb2fe1db0765971dfac2321904e8b8cb3f640012aba14b377e53e37cd0007de8d85b46ab9416374cb0612301ddd32080044847046bc16bc86549260f0ee428a4353604b58c023d54e554a83a6c8c95a671b684c5fcec801f2b2e2b7de5bdfc52d65fe5ac4b8d37c551d05ec48284a45ee2811190a5f93ed8a92b9836e09bb7d3379e35b4334f7ca2aeeb9a0b6c1bb50a3c31e9b5cd8c66dd327d2ec4d293b0b9b1948c06112d128700237b97937383e6a35fed9d7408913c8ee35acdba426e9f5e0b3ee2fef69ef9169539bb1486daca48d0b1120ecf01464a6d82df474c54106fc63e6864bca34973c9a80c47b70f0a25d8e36f75d5e127f6c36c4bd8a47575a244822308e5c96cd1c39ac029535efd959693818151ef66ae9a9ecd24a401c44b9c3d9f030366613eaa58dfe82a651b50dff00468eafa92fbd89a1c9f483d08e822e2c7d08b0bd0517a5b3f342bdecd48a5901089a23c50514ff0003d0b629db677d0d27b3b3e269d0662c5d9be440a600b556936361895236afe570b94ecef208369a26d68f38c7801c4ff89e6305e04bc05d3b576a0400080340f52e56d20f3446975cbd1e785f9c5769dc915aa200a15d5cc5c9c07cf7652c7d9a528b23446128fc69b343408089823c568e0fc5b3a57346262054db121f17754b7637b342eacf4175ac7970129247c97017acbb00256a7642d8e4070b153dd56cf174d794fcbba41d78fd82d0bad1eb70e81ba436b8cbc2d740738f0a9e30274edf0280000040176631009d14b9fcc03145d6a78ad9163ed4f6b616484a9b0505e0919d9411501009d961ac328fbede39b8bb25cbf2b7d17763207acd959ae20f7871888e3aa4f70f277c179fbbb6e7f6b7d17629d8a6d632fb90f40784f3c4e280000202f3f7f6dc847b5a3380adbba45cae804a709827466f94c43a1a0b805460297421cd66317d2b0dfb2f87673238c3ab63a9fbe11d87b0bc15ae72b3a18347fbfe6e822ebbe0f550e531a17200eab412c5feba80626a22320a211119128c0cf2b40039cdf19547777688590ba0bed0ae707909e2ee7ff43e2d49cbb6f301153437ba0d27b74bcfd66d3d2507434cbcf1adc61a87f61758eaa23e0f71fe682015e6f191458c8790fbe9213edfc22a5bb4f81537fae31fe57fffd9, 'Syed Mohibul Alam', 'sadeemohib@gmail.com', 'Sadee will take the Physics course'),
(2, 0xffd8ffe000104a46494600010100000100010000ffdb008400060606060706070808070a0b0a0b0a0f0e0c0c0e0f1610111011101622151915151915221e241e1c1e241e362a26262a363e3432343e4c44444c5f5a5f7c7ca701060606060706070808070a0b0a0b0a0f0e0c0c0e0f1610111011101622151915151915221e241e1c1e241e362a26262a363e3432343e4c44444c5f5a5f7c7ca7ffc2001108012c012c03012200021101031101ffc4002c000100030101010000000000000000000000040506030201010100000000000000000000000000000000ffda000c03010002100310000002ca0000000001d8e2d27833cbdf851b41d8ccb4b08a77bf000000000000000000000f7235446b0000002364b6d5a655635c00000000000000000fbf2c4d1490000000014d73f0c23b710000000000000001774976684000000000192813e00000000000000000b8a7b23540000000000c7c3edc40000000000000005bc7d68000000000f3e86460eef1073000000000000001336184db9d00000000001e70fabc90000000000000000d266fb9b54594000000002b8aca7f5e4000000000000000024ecf07b32480000003c61f51960000000000000000001734df4dda04f00000152544000000000000000000003bce2bb4f941bc64ec8ba568b252559739bf3d8e2b6a90000000000000000956e515ddd7b3c78ec309f27c004b222fb8150fbf05cd36b49f0a68c9d7ef211905ad61e4000000001f752565d4b0000053e6f6f893a6d717b53e833b4b794676dae7b440003c7b15145b4f0619615e0000005ae9a9ee0fa00000193d65399bd3e6269aff003eab4ce707734f3be7d00000022e37798839000000d4d957d81f40000039f4184bc87a12573e830b73c2ec9a000000063b639021000000d5d856599f400000010e60010e5fd00000000321afc6914000005d687096e695cfa000000000000000000ae25637df100000000eb734236bdf0730d833f34b346ee7a00000001ca31394d00d3d766799615e000000000000003efc1dbac413bd578b15709fe61093c7c000000000003fffc40002ffda000c0301000200030000002100000000000c00c000000000000000000000014000000804000000000000000014800000000100000000000000000100000000000a00000000000000000000000000020000000000000000c00000000000a0000000000000002800000000002800000000000000000000000000480000000000000000020000000000000000000000000000020000002000000000000000000011410810030000000000000000cc3020000051000c000000000600000008100a30000000000000014000000510520a00000020000000d00000000a10a0000000040000001400000000001000000000400000050800000000000000000420000000040c004000000008118c00000000000000000c0080000000000003ffc40002ffda000c03010002000300000010f3cf3cf3cf38d38f34f3cf3cf3cf3cf3cf3cf30000000930f3cf3cf3cf3cf3cf28000000000034f3cf3cf3cf3cf3ca0000000000073cf3cf3cf3cf3cf3800000000001cf3cf3cf3cf3cf3cc00000000000e3cf3cf3cf3cf3cf00000000000024f3cf3cf3cf3cf3cb0000000000053cf3cf3cf3cf3cf3c800000000b3cf3cf3cf3cf3cf3cf2c20000013cf3cf3cf3cf3cf3cf3ce28300228e3cf3cf3cf3cf3cf34030738e34f0043cf3cf3cf3cd00000034800728000434d3cf3cf1400000043c118a00000034f3cf3c70000000051050000000053cf3cf1c000000020030000000010f3cf3c70000000000000000000473cf3cf3c30420c00000000410cb3cf3cf3cf3cf3cb3c70cb1cf3cf3cf3cf3ffc40014110100000000000000000000000000000080ffda0008010201013f0034ff00ffc40014110100000000000000000000000000000080ffda0008010301013f0034ff00ffc4003c10000102030406070508020300000000000102030004051112215113303140417110223252618191152042a1b11423243443536282507233a2d1ffda0008010100013f02ff0026cadb4abef1bbc984d3249d405a0aac39183456f83aa8f629fdff00fac7b155fbe3d205151c5e3e9028f2bde5fac1a3cbf05ac43b47793ff1ac2be50b42d0abaa49077d6db5b8aba8492629cc3cc3252e59b6d0351312cd4c22eac723943ecad97148570dee5251732e58360da61961a6117509d54f48fda4a08500443d4c9a6c5b6050f0de402480369895974cbb2940f3e7ada9c90520bc81d61daf1de296ddf9b4ff00116ebdf6f46f388c95bbd147de3c7c06bea62c9d77cbe9bbd17b6f721afa9fe75df2fa6ef463f7ee0fe1afa81b671ee7bbd29564e27c411af9855e7dd566b3bbcac84db6eb4e5dd873d72af5d55ddb6610ed3a69b41594e036d9bb53521538d5be277175375c5a7251dd6417727193e367aee0480093c2146f289cceea0904110d2c38da163e216ebea2ee8e5179ababebbbd21fbcd168ed4ece475f577ef3a9687c3b799dde5df530ea569866725debb75789f878eb666a2c348375414be0214a2a5151389de2517a399695fcb58b504214a3c05b1b77a947b4d2edaf8d98f3d5d55eb92d778acd9bdd2262eacb2762b673d5d46634d306ceca701bd8241b4448cd8986f1ed8da353539cd1234483d756df01beb6e2da585a0d8444a541a7ec07aabcb3e5efce54d0d5a86bacbcf808528a8924da4ef6c4bbcfaac426df1e11354efb3cb85deb4dbd6e966a532d617af0f184565a3db6d439631ed593ef1f4835593ef13e50bacb7f0344f3c21f9f997b02ab0643a186b4af2119989aa538ddaa6bae9cb8ef0db4e3aaba8492625a9036be7fa884a1284dd480043ede9595a33104586cd4d1dab5d5b9dd160f3e89991626368b15de11314e98671b2f2731ba332732f765b3666708628e818baabde036421b4369b10900787b952674734bc95d6e997937e63b030ccec8145cdff943d487902d4282fe460820d87a69cce8a5519abac7cfdc7e4259fc4a6c39887a92fa3b162c7ce1485a0d8a4907c75f2d497578ba6e0cb8c33252ccf65bc7338fbf586af32973ba7ebd0cb7a579b466a84a528484a458074d6190168707c581e8976b4afb68ccfbeb42162c52411e30fd2195e2d9b87e50fcb3cc2ac5a7cf86ac02480369891904302f2b173e9a979b0eb4b46620820906187346f36bc943dcad398b4df9f4519ab5c5bb90b079ea56843892958b4189e9232cab46283b355496afcc5e3f00f9eaea6d68e69592b1e8a5cce919d19ed23e9d0a212093b044cbc5e796e6670e5d14f6b452ade6713e7aa9b674d2ee27c30e7aaa327ee5c566ab3d357586af32973ba7ebd14fd27dadab99e3cba2a97fec8abb98bdcba259ad2beda333ac79371e7139288d4d247e0c78a8eadd6c38dad0788b20829241da228cce2e3bfd4743880e21483b08b2169285292768364519ab56e3b9603593e2c9b7bfdb534bfc9a399d6551ad1cd28f05e3126ce8659b4f1b31e67a6accdc99bdc163e7120d68a55b1c4e27cf5950fce3dcf534bfc9a399d64d4a87d4c1eeaf1e5ee4e4a8984a064b07cb8eb6a1f9c7b9ea6907f09fdcefb3a6d9b7ff00df534a9b4376b2bc2f1b41df26261b61b2b5f90ce1c5df5ad67e224faeaa4ea8a6ec43b8a73e221b71b713790a046f33551658b40eb2f287df71f5de59d634f3ad2ad42c8862b1c1e479886a6587bb0e03ba1200b4987aa92cdec37cf844c54a61ec01b89c86e2dcfcdb7b1c279e30dd695f1b43ca11569456dbc9e63ff213372aad8f23d6010761d5a9e693da71239985d464d3fab6f2c6175968761b51e7843956995766ea61c79d70f5d64f3ddf640987c6c797eb027a6c7eb2a3da53bfbdf211ed49dfdcf908f6a4e77c7a47b5273be3d23da73bfbbf2106a1387f58c19b9a3faebf582e2d5b564f9ff95fffc4002a10010000030605040301000000000000000100112130314041517110618191f0a1b1c1d120e1f150ffda0008010100013f21ff004e871af2689b4a034ce67ec8caedc18728f8de3c8fdc67bed2fdc0af5e8fa87fbd0fc410bc86f42a12c9c68e42c885dea94339585f81937c2f5bcda9ae2ee05d2cfb8312c66e6ef64e4ce8cf321502b7fa624da9a4839b17815ef5b549df541935df106e6e6f8db208894639df06d961f6017adbee09fd18754ade7e5d387ef4fa96f30edec4b0f22ff3a7f16fcce3eb86054026b710b5202a49395b4a949ce939c0636a4c9cb0d2c977a060104930075c03a385e707c4c05db426f4854f31ef85be406645cb03dd6f7d721e3961e732acedc4e850cf0e32babcd4d22523d65ab23743af3899a91579b88aed400ecd1b4bb39d748552b7b8aac9549b146ce661f60bdc5cdee6f96b675e7c75c5804923318afc07fbac45280f06b8eeca3566aeefcc2904013b226ae78b9a3eac8dd8aee33c92789c6c75fac5fcbb3e902e5f5c0aed93f9837ad7e13835e8fce0c5e58ed9c568761fb84951c3edc6be60529df0ab0506ae025029e79d72844449193633eca750e09b3df8ebac4f478ba984923d227ac48e6db5dd0534a84bf0a58c975bfd78d724eda14f3b97ef0b24cca04008978f1accf01e9f84f3a1f7ac4f97d843947212b605402b009e45e912641dd3f396c565bb7072863a41981483896d9b74e09a4f3db380000fcb92fa138992b42f8534b4155b599a134906ab02cc6cfda58b9f3c824248c922775cc76ce04411a3c4135e0beb4384d229d62c4656fc306566ead393646e549bd5759cd61465eb7f0adb93be4e0b5c826bc8847721a0bb84b4946ca1496b56c54b297fc69fbb392856bedc17d24fec70bfb4e01d49f6ce02542cff0099f363217536774d3f741952444e645425df63c2f6d6bac0d754b72268173acdf6921eeef5b1f3bada494284bf3140733bce342978e8a314d28f5ad1e99ed63e775b44a4afbe0fc1059c7b16be99ed63336634eb01dac7de21574b18887b8b4210c554ea9d9073397e49c0a42ccc4ce172b96ec2c9f723236b498b3cb3de2e7c1e90474acfb6115000cda44ece5b77bc4dbb81eae00655225a09a7dd01bf7372f78bc3e06a8f7dd27bc0f304e567e86e1192b61879ca778a381e44df5898b7f4f0e2a98ca2ebbb38b8baecfde00cde1ca0d045fcec7f3b0f2de5a47d30117ef7647ad527fd5fffc4002a100100010106050500030100000000000001110021303140415110617191a12081b1c1f050d1f1e1ffda0008010100013f10fe4ca59b1d6b3454a2a08fd5a4522eb675854ffa9a11ed37cda13dff00e9a9f6a73150f266b2bc654670e7707bb0cfbbb15ae01033211b877611bcb9344d5b58306c066f4b79d3fb95182eb6fbbba7fe96564b4a0ca92ad41d40d2228909986d609b152028891241d6c5bd2902d2b5fa19801e5bf52c796f8d02088e08d471874b9cb8dd6f74bf725f9197a3ddbf65bf445d0265c877ebb2fe1db0765971dfac2321904e8b8cb3f640012aba14b377e53e37cd0007de8d85b46ab9416374cb0612301ddd32080044847046bc16bc86549260f0ee428a4353604b58c023d54e554a83a6c8c95a671b684c5fcec801f2b2e2b7de5bdfc52d65fe5ac4b8d37c551d05ec48284a45ee2811190a5f93ed8a92b9836e09bb7d3379e35b4334f7ca2aeeb9a0b6c1bb50a3c31e9b5cd8c66dd327d2ec4d293b0b9b1948c06112d128700237b97937383e6a35fed9d7408913c8ee35acdba426e9f5e0b3ee2fef69ef9169539bb1486daca48d0b1120ecf01464a6d82df474c54106fc63e6864bca34973c9a80c47b70f0a25d8e36f75d5e127f6c36c4bd8a47575a244822308e5c96cd1c39ac029535efd959693818151ef66ae9a9ecd24a401c44b9c3d9f030366613eaa58dfe82a651b50dff00468eafa92fbd89a1c9f483d08e822e2c7d08b0bd0517a5b3f342bdecd48a5901089a23c50514ff0003d0b629db677d0d27b3b3e269d0662c5d9be440a600b556936361895236afe570b94ecef208369a26d68f38c7801c4ff89e6305e04bc05d3b576a0400080340f52e56d20f3446975cbd1e785f9c5769dc915aa200a15d5cc5c9c07cf7652c7d9a528b23446128fc69b343408089823c568e0fc5b3a57346262054db121f17754b7637b342eacf4175ac7970129247c97017acbb00256a7642d8e4070b153dd56cf174d794fcbba41d78fd82d0bad1eb70e81ba436b8cbc2d740738f0a9e30274edf0280000040176631009d14b9fcc03145d6a78ad9163ed4f6b616484a9b0505e0919d9411501009d961ac328fbede39b8bb25cbf2b7d17763207acd959ae20f7871888e3aa4f70f277c179fbbb6e7f6b7d17629d8a6d632fb90f40784f3c4e280000202f3f7f6dc847b5a3380adbba45cae804a709827466f94c43a1a0b805460297421cd66317d2b0dfb2f87673238c3ab63a9fbe11d87b0bc15ae72b3a18347fbfe6e822ebbe0f550e531a17200eab412c5feba80626a22320a211119128c0cf2b40039cdf19547777688590ba0bed0ae707909e2ee7ff43e2d49cbb6f301153437ba0d27b74bcfd66d3d2507434cbcf1adc61a87f61758eaa23e0f71fe682015e6f191458c8790fbe9213edfc22a5bb4f81537fae31fe57fffd9, 'Nosheen Nawar Afnan', 'nosheen.nawar95@gmail.com', 'Nosheen will take the ICT course'),
(3, 0xffd8ffe000104a46494600010100000100010000ffdb008400060606060706070808070a0b0a0b0a0f0e0c0c0e0f1610111011101622151915151915221e241e1c1e241e362a26262a363e3432343e4c44444c5f5a5f7c7ca701060606060706070808070a0b0a0b0a0f0e0c0c0e0f1610111011101622151915151915221e241e1c1e241e362a26262a363e3432343e4c44444c5f5a5f7c7ca7ffc2001108012c012c03012200021101031101ffc4002c000100030101010000000000000000000000040506030201010100000000000000000000000000000000ffda000c03010002100310000002ca0000000001d8e2d27833cbdf851b41d8ccb4b08a77bf000000000000000000000f7235446b0000002364b6d5a655635c00000000000000000fbf2c4d1490000000014d73f0c23b710000000000000001774976684000000000192813e00000000000000000b8a7b23540000000000c7c3edc40000000000000005bc7d68000000000f3e86460eef1073000000000000001336184db9d00000000001e70fabc90000000000000000d266fb9b54594000000002b8aca7f5e4000000000000000024ecf07b32480000003c61f51960000000000000000001734df4dda04f00000152544000000000000000000003bce2bb4f941bc64ec8ba568b252559739bf3d8e2b6a90000000000000000956e515ddd7b3c78ec309f27c004b222fb8150fbf05cd36b49f0a68c9d7ef211905ad61e4000000001f752565d4b0000053e6f6f893a6d717b53e833b4b794676dae7b440003c7b15145b4f0619615e0000005ae9a9ee0fa00000193d65399bd3e6269aff003eab4ce707734f3be7d00000022e37798839000000d4d957d81f40000039f4184bc87a12573e830b73c2ec9a000000063b639021000000d5d856599f400000010e60010e5fd00000000321afc6914000005d687096e695cfa000000000000000000ae25637df100000000eb734236bdf0730d833f34b346ee7a00000001ca31394d00d3d766799615e000000000000003efc1dbac413bd578b15709fe61093c7c000000000003fffc40002ffda000c0301000200030000002100000000000c00c000000000000000000000014000000804000000000000000014800000000100000000000000000100000000000a00000000000000000000000000020000000000000000c00000000000a0000000000000002800000000002800000000000000000000000000480000000000000000020000000000000000000000000000020000002000000000000000000011410810030000000000000000cc3020000051000c000000000600000008100a30000000000000014000000510520a00000020000000d00000000a10a0000000040000001400000000001000000000400000050800000000000000000420000000040c004000000008118c00000000000000000c0080000000000003ffc40002ffda000c03010002000300000010f3cf3cf3cf38d38f34f3cf3cf3cf3cf3cf3cf30000000930f3cf3cf3cf3cf3cf28000000000034f3cf3cf3cf3cf3ca0000000000073cf3cf3cf3cf3cf3800000000001cf3cf3cf3cf3cf3cc00000000000e3cf3cf3cf3cf3cf00000000000024f3cf3cf3cf3cf3cb0000000000053cf3cf3cf3cf3cf3c800000000b3cf3cf3cf3cf3cf3cf2c20000013cf3cf3cf3cf3cf3cf3ce28300228e3cf3cf3cf3cf3cf34030738e34f0043cf3cf3cf3cd00000034800728000434d3cf3cf1400000043c118a00000034f3cf3c70000000051050000000053cf3cf1c000000020030000000010f3cf3c70000000000000000000473cf3cf3c30420c00000000410cb3cf3cf3cf3cf3cb3c70cb1cf3cf3cf3cf3ffc40014110100000000000000000000000000000080ffda0008010201013f0034ff00ffc40014110100000000000000000000000000000080ffda0008010301013f0034ff00ffc4003c10000102030406070508020300000000000102030004051112215113303140417110223252618191152042a1b11423243443536282507233a2d1ffda0008010100013f02ff0026cadb4abef1bbc984d3249d405a0aac39183456f83aa8f629fdff00fac7b155fbe3d205151c5e3e9028f2bde5fac1a3cbf05ac43b47793ff1ac2be50b42d0abaa49077d6db5b8aba8492629cc3cc3252e59b6d0351312cd4c22eac723943ecad97148570dee5251732e58360da61961a6117509d54f48fda4a08500443d4c9a6c5b6050f0de402480369895974cbb2940f3e7ada9c90520bc81d61daf1de296ddf9b4ff00116ebdf6f46f388c95bbd147de3c7c06bea62c9d77cbe9bbd17b6f721afa9fe75df2fa6ef463f7ee0fe1afa81b671ee7bbd29564e27c411af9855e7dd566b3bbcac84db6eb4e5dd873d72af5d55ddb6610ed3a69b41594e036d9bb53521538d5be277175375c5a7251dd6417727193e367aee0480093c2146f289cceea0904110d2c38da163e216ebea2ee8e5179ababebbbd21fbcd168ed4ece475f577ef3a9687c3b799dde5df530ea569866725debb75789f878eb666a2c348375414be0214a2a5151389de2517a399695fcb58b504214a3c05b1b77a947b4d2edaf8d98f3d5d55eb92d778acd9bdd2262eacb2762b673d5d46634d306ceca701bd8241b4448cd8986f1ed8da353539cd1234483d756df01beb6e2da585a0d8444a541a7ec07aabcb3e5efce54d0d5a86bacbcf808528a8924da4ef6c4bbcfaac426df1e11354efb3cb85deb4dbd6e966a532d617af0f184565a3db6d439631ed593ef1f4835593ef13e50bacb7f0344f3c21f9f997b02ab0643a186b4af2119989aa538ddaa6bae9cb8ef0db4e3aaba8492625a9036be7fa884a1284dd480043ede9595a33104586cd4d1dab5d5b9dd160f3e89991626368b15de11314e98671b2f2731ba332732f765b3666708628e818baabde036421b4369b10900787b952674734bc95d6e997937e63b030ccec8145cdff943d487902d4282fe460820d87a69cce8a5519abac7cfdc7e4259fc4a6c39887a92fa3b162c7ce1485a0d8a4907c75f2d497578ba6e0cb8c33252ccf65bc7338fbf586af32973ba7ebd0cb7a579b466a84a528484a458074d6190168707c581e8976b4afb68ccfbeb42162c52411e30fd2195e2d9b87e50fcb3cc2ac5a7cf86ac02480369891904302f2b173e9a979b0eb4b46620820906187346f36bc943dcad398b4df9f4519ab5c5bb90b079ea56843892958b4189e9232cab46283b355496afcc5e3f00f9eaea6d68e69592b1e8a5cce919d19ed23e9d0a212093b044cbc5e796e6670e5d14f6b452ade6713e7aa9b674d2ee27c30e7aaa327ee5c566ab3d357586af32973ba7ebd14fd27dadab99e3cba2a97fec8abb98bdcba259ad2beda333ac79371e7139288d4d247e0c78a8eadd6c38dad0788b20829241da228cce2e3bfd4743880e21483b08b2169285292768364519ab56e3b9603593e2c9b7bfdb534bfc9a399d6551ad1cd28f05e3126ce8659b4f1b31e67a6accdc99bdc163e7120d68a55b1c4e27cf5950fce3dcf534bfc9a399d64d4a87d4c1eeaf1e5ee4e4a8984a064b07cb8eb6a1f9c7b9ea6907f09fdcefb3a6d9b7ff00df534a9b4376b2bc2f1b41df26261b61b2b5f90ce1c5df5ad67e224faeaa4ea8a6ec43b8a73e221b71b713790a046f33551658b40eb2f287df71f5de59d634f3ad2ad42c8862b1c1e479886a6587bb0e03ba1200b4987aa92cdec37cf844c54a61ec01b89c86e2dcfcdb7b1c279e30dd695f1b43ca11569456dbc9e63ff213372aad8f23d6010761d5a9e693da71239985d464d3fab6f2c6175968761b51e7843956995766ea61c79d70f5d64f3ddf640987c6c797eb027a6c7eb2a3da53bfbdf211ed49dfdcf908f6a4e77c7a47b5273be3d23da73bfbbf2106a1387f58c19b9a3faebf582e2d5b564f9ff95fffc4002a10010000030605040301000000000000000100112130314041517110618191f0a1b1c1d120e1f150ffda0008010100013f21ff004e871af2689b4a034ce67ec8caedc18728f8de3c8fdc67bed2fdc0af5e8fa87fbd0fc410bc86f42a12c9c68e42c885dea94339585f81937c2f5bcda9ae2ee05d2cfb8312c66e6ef64e4ce8cf321502b7fa624da9a4839b17815ef5b549df541935df106e6e6f8db208894639df06d961f6017adbee09fd18754ade7e5d387ef4fa96f30edec4b0f22ff3a7f16fcce3eb86054026b710b5202a49395b4a949ce939c0636a4c9cb0d2c977a060104930075c03a385e707c4c05db426f4854f31ef85be406645cb03dd6f7d721e3961e732acedc4e850cf0e32babcd4d22523d65ab23743af3899a91579b88aed400ecd1b4bb39d748552b7b8aac9549b146ce661f60bdc5cdee6f96b675e7c75c5804923318afc07fbac45280f06b8eeca3566aeefcc2904013b226ae78b9a3eac8dd8aee33c92789c6c75fac5fcbb3e902e5f5c0aed93f9837ad7e13835e8fce0c5e58ed9c568761fb84951c3edc6be60529df0ab0506ae025029e79d72844449193633eca750e09b3df8ebac4f478ba984923d227ac48e6db5dd0534a84bf0a58c975bfd78d724eda14f3b97ef0b24cca04008978f1accf01e9f84f3a1f7ac4f97d843947212b605402b009e45e912641dd3f396c565bb7072863a41981483896d9b74e09a4f3db380000fcb92fa138992b42f8534b4155b599a134906ab02cc6cfda58b9f3c824248c922775cc76ce04411a3c4135e0beb4384d229d62c4656fc306566ead393646e549bd5759cd61465eb7f0adb93be4e0b5c826bc8847721a0bb84b4946ca1496b56c54b297fc69fbb392856bedc17d24fec70bfb4e01d49f6ce02542cff0099f363217536774d3f741952444e645425df63c2f6d6bac0d754b72268173acdf6921eeef5b1f3bada494284bf3140733bce342978e8a314d28f5ad1e99ed63e775b44a4afbe0fc1059c7b16be99ed63336634eb01dac7de21574b18887b8b4210c554ea9d9073397e49c0a42ccc4ce172b96ec2c9f723236b498b3cb3de2e7c1e90474acfb6115000cda44ece5b77bc4dbb81eae00655225a09a7dd01bf7372f78bc3e06a8f7dd27bc0f304e567e86e1192b61879ca778a381e44df5898b7f4f0e2a98ca2ebbb38b8baecfde00cde1ca0d045fcec7f3b0f2de5a47d30117ef7647ad527fd5fffc4002a100100010106050500030100000000000001110021303140415110617191a12081b1c1f050d1f1e1ffda0008010100013f10fe4ca59b1d6b3454a2a08fd5a4522eb675854ffa9a11ed37cda13dff00e9a9f6a73150f266b2bc654670e7707bb0cfbbb15ae01033211b877611bcb9344d5b58306c066f4b79d3fb95182eb6fbbba7fe96564b4a0ca92ad41d40d2228909986d609b152028891241d6c5bd2902d2b5fa19801e5bf52c796f8d02088e08d471874b9cb8dd6f74bf725f9197a3ddbf65bf445d0265c877ebb2fe1db0765971dfac2321904e8b8cb3f640012aba14b377e53e37cd0007de8d85b46ab9416374cb0612301ddd32080044847046bc16bc86549260f0ee428a4353604b58c023d54e554a83a6c8c95a671b684c5fcec801f2b2e2b7de5bdfc52d65fe5ac4b8d37c551d05ec48284a45ee2811190a5f93ed8a92b9836e09bb7d3379e35b4334f7ca2aeeb9a0b6c1bb50a3c31e9b5cd8c66dd327d2ec4d293b0b9b1948c06112d128700237b97937383e6a35fed9d7408913c8ee35acdba426e9f5e0b3ee2fef69ef9169539bb1486daca48d0b1120ecf01464a6d82df474c54106fc63e6864bca34973c9a80c47b70f0a25d8e36f75d5e127f6c36c4bd8a47575a244822308e5c96cd1c39ac029535efd959693818151ef66ae9a9ecd24a401c44b9c3d9f030366613eaa58dfe82a651b50dff00468eafa92fbd89a1c9f483d08e822e2c7d08b0bd0517a5b3f342bdecd48a5901089a23c50514ff0003d0b629db677d0d27b3b3e269d0662c5d9be440a600b556936361895236afe570b94ecef208369a26d68f38c7801c4ff89e6305e04bc05d3b576a0400080340f52e56d20f3446975cbd1e785f9c5769dc915aa200a15d5cc5c9c07cf7652c7d9a528b23446128fc69b343408089823c568e0fc5b3a57346262054db121f17754b7637b342eacf4175ac7970129247c97017acbb00256a7642d8e4070b153dd56cf174d794fcbba41d78fd82d0bad1eb70e81ba436b8cbc2d740738f0a9e30274edf0280000040176631009d14b9fcc03145d6a78ad9163ed4f6b616484a9b0505e0919d9411501009d961ac328fbede39b8bb25cbf2b7d17763207acd959ae20f7871888e3aa4f70f277c179fbbb6e7f6b7d17629d8a6d632fb90f40784f3c4e280000202f3f7f6dc847b5a3380adbba45cae804a709827466f94c43a1a0b805460297421cd66317d2b0dfb2f87673238c3ab63a9fbe11d87b0bc15ae72b3a18347fbfe6e822ebbe0f550e531a17200eab412c5feba80626a22320a211119128c0cf2b40039cdf19547777688590ba0bed0ae707909e2ee7ff43e2d49cbb6f301153437ba0d27b74bcfd66d3d2507434cbcf1adc61a87f61758eaa23e0f71fe682015e6f191458c8790fbe9213edfc22a5bb4f81537fae31fe57fffd9, 'Faysal Mahmud', 'faysal892@gmail.com', 'Faysal will take the English course'),
(4, 0xffd8ffe000104a46494600010100000100010000ffdb008400060606060706070808070a0b0a0b0a0f0e0c0c0e0f1610111011101622151915151915221e241e1c1e241e362a26262a363e3432343e4c44444c5f5a5f7c7ca701060606060706070808070a0b0a0b0a0f0e0c0c0e0f1610111011101622151915151915221e241e1c1e241e362a26262a363e3432343e4c44444c5f5a5f7c7ca7ffc2001108012c012c03012200021101031101ffc4002c000100030101010000000000000000000000040506030201010100000000000000000000000000000000ffda000c03010002100310000002ca0000000001d8e2d27833cbdf851b41d8ccb4b08a77bf000000000000000000000f7235446b0000002364b6d5a655635c00000000000000000fbf2c4d1490000000014d73f0c23b710000000000000001774976684000000000192813e00000000000000000b8a7b23540000000000c7c3edc40000000000000005bc7d68000000000f3e86460eef1073000000000000001336184db9d00000000001e70fabc90000000000000000d266fb9b54594000000002b8aca7f5e4000000000000000024ecf07b32480000003c61f51960000000000000000001734df4dda04f00000152544000000000000000000003bce2bb4f941bc64ec8ba568b252559739bf3d8e2b6a90000000000000000956e515ddd7b3c78ec309f27c004b222fb8150fbf05cd36b49f0a68c9d7ef211905ad61e4000000001f752565d4b0000053e6f6f893a6d717b53e833b4b794676dae7b440003c7b15145b4f0619615e0000005ae9a9ee0fa00000193d65399bd3e6269aff003eab4ce707734f3be7d00000022e37798839000000d4d957d81f40000039f4184bc87a12573e830b73c2ec9a000000063b639021000000d5d856599f400000010e60010e5fd00000000321afc6914000005d687096e695cfa000000000000000000ae25637df100000000eb734236bdf0730d833f34b346ee7a00000001ca31394d00d3d766799615e000000000000003efc1dbac413bd578b15709fe61093c7c000000000003fffc40002ffda000c0301000200030000002100000000000c00c000000000000000000000014000000804000000000000000014800000000100000000000000000100000000000a00000000000000000000000000020000000000000000c00000000000a0000000000000002800000000002800000000000000000000000000480000000000000000020000000000000000000000000000020000002000000000000000000011410810030000000000000000cc3020000051000c000000000600000008100a30000000000000014000000510520a00000020000000d00000000a10a0000000040000001400000000001000000000400000050800000000000000000420000000040c004000000008118c00000000000000000c0080000000000003ffc40002ffda000c03010002000300000010f3cf3cf3cf38d38f34f3cf3cf3cf3cf3cf3cf30000000930f3cf3cf3cf3cf3cf28000000000034f3cf3cf3cf3cf3ca0000000000073cf3cf3cf3cf3cf3800000000001cf3cf3cf3cf3cf3cc00000000000e3cf3cf3cf3cf3cf00000000000024f3cf3cf3cf3cf3cb0000000000053cf3cf3cf3cf3cf3c800000000b3cf3cf3cf3cf3cf3cf2c20000013cf3cf3cf3cf3cf3cf3ce28300228e3cf3cf3cf3cf3cf34030738e34f0043cf3cf3cf3cd00000034800728000434d3cf3cf1400000043c118a00000034f3cf3c70000000051050000000053cf3cf1c000000020030000000010f3cf3c70000000000000000000473cf3cf3c30420c00000000410cb3cf3cf3cf3cf3cb3c70cb1cf3cf3cf3cf3ffc40014110100000000000000000000000000000080ffda0008010201013f0034ff00ffc40014110100000000000000000000000000000080ffda0008010301013f0034ff00ffc4003c10000102030406070508020300000000000102030004051112215113303140417110223252618191152042a1b11423243443536282507233a2d1ffda0008010100013f02ff0026cadb4abef1bbc984d3249d405a0aac39183456f83aa8f629fdff00fac7b155fbe3d205151c5e3e9028f2bde5fac1a3cbf05ac43b47793ff1ac2be50b42d0abaa49077d6db5b8aba8492629cc3cc3252e59b6d0351312cd4c22eac723943ecad97148570dee5251732e58360da61961a6117509d54f48fda4a08500443d4c9a6c5b6050f0de402480369895974cbb2940f3e7ada9c90520bc81d61daf1de296ddf9b4ff00116ebdf6f46f388c95bbd147de3c7c06bea62c9d77cbe9bbd17b6f721afa9fe75df2fa6ef463f7ee0fe1afa81b671ee7bbd29564e27c411af9855e7dd566b3bbcac84db6eb4e5dd873d72af5d55ddb6610ed3a69b41594e036d9bb53521538d5be277175375c5a7251dd6417727193e367aee0480093c2146f289cceea0904110d2c38da163e216ebea2ee8e5179ababebbbd21fbcd168ed4ece475f577ef3a9687c3b799dde5df530ea569866725debb75789f878eb666a2c348375414be0214a2a5151389de2517a399695fcb58b504214a3c05b1b77a947b4d2edaf8d98f3d5d55eb92d778acd9bdd2262eacb2762b673d5d46634d306ceca701bd8241b4448cd8986f1ed8da353539cd1234483d756df01beb6e2da585a0d8444a541a7ec07aabcb3e5efce54d0d5a86bacbcf808528a8924da4ef6c4bbcfaac426df1e11354efb3cb85deb4dbd6e966a532d617af0f184565a3db6d439631ed593ef1f4835593ef13e50bacb7f0344f3c21f9f997b02ab0643a186b4af2119989aa538ddaa6bae9cb8ef0db4e3aaba8492625a9036be7fa884a1284dd480043ede9595a33104586cd4d1dab5d5b9dd160f3e89991626368b15de11314e98671b2f2731ba332732f765b3666708628e818baabde036421b4369b10900787b952674734bc95d6e997937e63b030ccec8145cdff943d487902d4282fe460820d87a69cce8a5519abac7cfdc7e4259fc4a6c39887a92fa3b162c7ce1485a0d8a4907c75f2d497578ba6e0cb8c33252ccf65bc7338fbf586af32973ba7ebd0cb7a579b466a84a528484a458074d6190168707c581e8976b4afb68ccfbeb42162c52411e30fd2195e2d9b87e50fcb3cc2ac5a7cf86ac02480369891904302f2b173e9a979b0eb4b46620820906187346f36bc943dcad398b4df9f4519ab5c5bb90b079ea56843892958b4189e9232cab46283b355496afcc5e3f00f9eaea6d68e69592b1e8a5cce919d19ed23e9d0a212093b044cbc5e796e6670e5d14f6b452ade6713e7aa9b674d2ee27c30e7aaa327ee5c566ab3d357586af32973ba7ebd14fd27dadab99e3cba2a97fec8abb98bdcba259ad2beda333ac79371e7139288d4d247e0c78a8eadd6c38dad0788b20829241da228cce2e3bfd4743880e21483b08b2169285292768364519ab56e3b9603593e2c9b7bfdb534bfc9a399d6551ad1cd28f05e3126ce8659b4f1b31e67a6accdc99bdc163e7120d68a55b1c4e27cf5950fce3dcf534bfc9a399d64d4a87d4c1eeaf1e5ee4e4a8984a064b07cb8eb6a1f9c7b9ea6907f09fdcefb3a6d9b7ff00df534a9b4376b2bc2f1b41df26261b61b2b5f90ce1c5df5ad67e224faeaa4ea8a6ec43b8a73e221b71b713790a046f33551658b40eb2f287df71f5de59d634f3ad2ad42c8862b1c1e479886a6587bb0e03ba1200b4987aa92cdec37cf844c54a61ec01b89c86e2dcfcdb7b1c279e30dd695f1b43ca11569456dbc9e63ff213372aad8f23d6010761d5a9e693da71239985d464d3fab6f2c6175968761b51e7843956995766ea61c79d70f5d64f3ddf640987c6c797eb027a6c7eb2a3da53bfbdf211ed49dfdcf908f6a4e77c7a47b5273be3d23da73bfbbf2106a1387f58c19b9a3faebf582e2d5b564f9ff95fffc4002a10010000030605040301000000000000000100112130314041517110618191f0a1b1c1d120e1f150ffda0008010100013f21ff004e871af2689b4a034ce67ec8caedc18728f8de3c8fdc67bed2fdc0af5e8fa87fbd0fc410bc86f42a12c9c68e42c885dea94339585f81937c2f5bcda9ae2ee05d2cfb8312c66e6ef64e4ce8cf321502b7fa624da9a4839b17815ef5b549df541935df106e6e6f8db208894639df06d961f6017adbee09fd18754ade7e5d387ef4fa96f30edec4b0f22ff3a7f16fcce3eb86054026b710b5202a49395b4a949ce939c0636a4c9cb0d2c977a060104930075c03a385e707c4c05db426f4854f31ef85be406645cb03dd6f7d721e3961e732acedc4e850cf0e32babcd4d22523d65ab23743af3899a91579b88aed400ecd1b4bb39d748552b7b8aac9549b146ce661f60bdc5cdee6f96b675e7c75c5804923318afc07fbac45280f06b8eeca3566aeefcc2904013b226ae78b9a3eac8dd8aee33c92789c6c75fac5fcbb3e902e5f5c0aed93f9837ad7e13835e8fce0c5e58ed9c568761fb84951c3edc6be60529df0ab0506ae025029e79d72844449193633eca750e09b3df8ebac4f478ba984923d227ac48e6db5dd0534a84bf0a58c975bfd78d724eda14f3b97ef0b24cca04008978f1accf01e9f84f3a1f7ac4f97d843947212b605402b009e45e912641dd3f396c565bb7072863a41981483896d9b74e09a4f3db380000fcb92fa138992b42f8534b4155b599a134906ab02cc6cfda58b9f3c824248c922775cc76ce04411a3c4135e0beb4384d229d62c4656fc306566ead393646e549bd5759cd61465eb7f0adb93be4e0b5c826bc8847721a0bb84b4946ca1496b56c54b297fc69fbb392856bedc17d24fec70bfb4e01d49f6ce02542cff0099f363217536774d3f741952444e645425df63c2f6d6bac0d754b72268173acdf6921eeef5b1f3bada494284bf3140733bce342978e8a314d28f5ad1e99ed63e775b44a4afbe0fc1059c7b16be99ed63336634eb01dac7de21574b18887b8b4210c554ea9d9073397e49c0a42ccc4ce172b96ec2c9f723236b498b3cb3de2e7c1e90474acfb6115000cda44ece5b77bc4dbb81eae00655225a09a7dd01bf7372f78bc3e06a8f7dd27bc0f304e567e86e1192b61879ca778a381e44df5898b7f4f0e2a98ca2ebbb38b8baecfde00cde1ca0d045fcec7f3b0f2de5a47d30117ef7647ad527fd5fffc4002a100100010106050500030100000000000001110021303140415110617191a12081b1c1f050d1f1e1ffda0008010100013f10fe4ca59b1d6b3454a2a08fd5a4522eb675854ffa9a11ed37cda13dff00e9a9f6a73150f266b2bc654670e7707bb0cfbbb15ae01033211b877611bcb9344d5b58306c066f4b79d3fb95182eb6fbbba7fe96564b4a0ca92ad41d40d2228909986d609b152028891241d6c5bd2902d2b5fa19801e5bf52c796f8d02088e08d471874b9cb8dd6f74bf725f9197a3ddbf65bf445d0265c877ebb2fe1db0765971dfac2321904e8b8cb3f640012aba14b377e53e37cd0007de8d85b46ab9416374cb0612301ddd32080044847046bc16bc86549260f0ee428a4353604b58c023d54e554a83a6c8c95a671b684c5fcec801f2b2e2b7de5bdfc52d65fe5ac4b8d37c551d05ec48284a45ee2811190a5f93ed8a92b9836e09bb7d3379e35b4334f7ca2aeeb9a0b6c1bb50a3c31e9b5cd8c66dd327d2ec4d293b0b9b1948c06112d128700237b97937383e6a35fed9d7408913c8ee35acdba426e9f5e0b3ee2fef69ef9169539bb1486daca48d0b1120ecf01464a6d82df474c54106fc63e6864bca34973c9a80c47b70f0a25d8e36f75d5e127f6c36c4bd8a47575a244822308e5c96cd1c39ac029535efd959693818151ef66ae9a9ecd24a401c44b9c3d9f030366613eaa58dfe82a651b50dff00468eafa92fbd89a1c9f483d08e822e2c7d08b0bd0517a5b3f342bdecd48a5901089a23c50514ff0003d0b629db677d0d27b3b3e269d0662c5d9be440a600b556936361895236afe570b94ecef208369a26d68f38c7801c4ff89e6305e04bc05d3b576a0400080340f52e56d20f3446975cbd1e785f9c5769dc915aa200a15d5cc5c9c07cf7652c7d9a528b23446128fc69b343408089823c568e0fc5b3a57346262054db121f17754b7637b342eacf4175ac7970129247c97017acbb00256a7642d8e4070b153dd56cf174d794fcbba41d78fd82d0bad1eb70e81ba436b8cbc2d740738f0a9e30274edf0280000040176631009d14b9fcc03145d6a78ad9163ed4f6b616484a9b0505e0919d9411501009d961ac328fbede39b8bb25cbf2b7d17763207acd959ae20f7871888e3aa4f70f277c179fbbb6e7f6b7d17629d8a6d632fb90f40784f3c4e280000202f3f7f6dc847b5a3380adbba45cae804a709827466f94c43a1a0b805460297421cd66317d2b0dfb2f87673238c3ab63a9fbe11d87b0bc15ae72b3a18347fbfe6e822ebbe0f550e531a17200eab412c5feba80626a22320a211119128c0cf2b40039cdf19547777688590ba0bed0ae707909e2ee7ff43e2d49cbb6f301153437ba0d27b74bcfd66d3d2507434cbcf1adc61a87f61758eaa23e0f71fe682015e6f191458c8790fbe9213edfc22a5bb4f81537fae31fe57fffd9, 'Md Mahin Mahfiz', 'mmahinm10@gmail.com', 'Mahin will take the Chemistry course'),
(5, 0xffd8ffe000104a46494600010100000100010000ffdb008400060606060706070808070a0b0a0b0a0f0e0c0c0e0f1610111011101622151915151915221e241e1c1e241e362a26262a363e3432343e4c44444c5f5a5f7c7ca701060606060706070808070a0b0a0b0a0f0e0c0c0e0f1610111011101622151915151915221e241e1c1e241e362a26262a363e3432343e4c44444c5f5a5f7c7ca7ffc2001108012c012c03012200021101031101ffc4002c000100030101010000000000000000000000040506030201010100000000000000000000000000000000ffda000c03010002100310000002ca0000000001d8e2d27833cbdf851b41d8ccb4b08a77bf000000000000000000000f7235446b0000002364b6d5a655635c00000000000000000fbf2c4d1490000000014d73f0c23b710000000000000001774976684000000000192813e00000000000000000b8a7b23540000000000c7c3edc40000000000000005bc7d68000000000f3e86460eef1073000000000000001336184db9d00000000001e70fabc90000000000000000d266fb9b54594000000002b8aca7f5e4000000000000000024ecf07b32480000003c61f51960000000000000000001734df4dda04f00000152544000000000000000000003bce2bb4f941bc64ec8ba568b252559739bf3d8e2b6a90000000000000000956e515ddd7b3c78ec309f27c004b222fb8150fbf05cd36b49f0a68c9d7ef211905ad61e4000000001f752565d4b0000053e6f6f893a6d717b53e833b4b794676dae7b440003c7b15145b4f0619615e0000005ae9a9ee0fa00000193d65399bd3e6269aff003eab4ce707734f3be7d00000022e37798839000000d4d957d81f40000039f4184bc87a12573e830b73c2ec9a000000063b639021000000d5d856599f400000010e60010e5fd00000000321afc6914000005d687096e695cfa000000000000000000ae25637df100000000eb734236bdf0730d833f34b346ee7a00000001ca31394d00d3d766799615e000000000000003efc1dbac413bd578b15709fe61093c7c000000000003fffc40002ffda000c0301000200030000002100000000000c00c000000000000000000000014000000804000000000000000014800000000100000000000000000100000000000a00000000000000000000000000020000000000000000c00000000000a0000000000000002800000000002800000000000000000000000000480000000000000000020000000000000000000000000000020000002000000000000000000011410810030000000000000000cc3020000051000c000000000600000008100a30000000000000014000000510520a00000020000000d00000000a10a0000000040000001400000000001000000000400000050800000000000000000420000000040c004000000008118c00000000000000000c0080000000000003ffc40002ffda000c03010002000300000010f3cf3cf3cf38d38f34f3cf3cf3cf3cf3cf3cf30000000930f3cf3cf3cf3cf3cf28000000000034f3cf3cf3cf3cf3ca0000000000073cf3cf3cf3cf3cf3800000000001cf3cf3cf3cf3cf3cc00000000000e3cf3cf3cf3cf3cf00000000000024f3cf3cf3cf3cf3cb0000000000053cf3cf3cf3cf3cf3c800000000b3cf3cf3cf3cf3cf3cf2c20000013cf3cf3cf3cf3cf3cf3ce28300228e3cf3cf3cf3cf3cf34030738e34f0043cf3cf3cf3cd00000034800728000434d3cf3cf1400000043c118a00000034f3cf3c70000000051050000000053cf3cf1c000000020030000000010f3cf3c70000000000000000000473cf3cf3c30420c00000000410cb3cf3cf3cf3cf3cb3c70cb1cf3cf3cf3cf3ffc40014110100000000000000000000000000000080ffda0008010201013f0034ff00ffc40014110100000000000000000000000000000080ffda0008010301013f0034ff00ffc4003c10000102030406070508020300000000000102030004051112215113303140417110223252618191152042a1b11423243443536282507233a2d1ffda0008010100013f02ff0026cadb4abef1bbc984d3249d405a0aac39183456f83aa8f629fdff00fac7b155fbe3d205151c5e3e9028f2bde5fac1a3cbf05ac43b47793ff1ac2be50b42d0abaa49077d6db5b8aba8492629cc3cc3252e59b6d0351312cd4c22eac723943ecad97148570dee5251732e58360da61961a6117509d54f48fda4a08500443d4c9a6c5b6050f0de402480369895974cbb2940f3e7ada9c90520bc81d61daf1de296ddf9b4ff00116ebdf6f46f388c95bbd147de3c7c06bea62c9d77cbe9bbd17b6f721afa9fe75df2fa6ef463f7ee0fe1afa81b671ee7bbd29564e27c411af9855e7dd566b3bbcac84db6eb4e5dd873d72af5d55ddb6610ed3a69b41594e036d9bb53521538d5be277175375c5a7251dd6417727193e367aee0480093c2146f289cceea0904110d2c38da163e216ebea2ee8e5179ababebbbd21fbcd168ed4ece475f577ef3a9687c3b799dde5df530ea569866725debb75789f878eb666a2c348375414be0214a2a5151389de2517a399695fcb58b504214a3c05b1b77a947b4d2edaf8d98f3d5d55eb92d778acd9bdd2262eacb2762b673d5d46634d306ceca701bd8241b4448cd8986f1ed8da353539cd1234483d756df01beb6e2da585a0d8444a541a7ec07aabcb3e5efce54d0d5a86bacbcf808528a8924da4ef6c4bbcfaac426df1e11354efb3cb85deb4dbd6e966a532d617af0f184565a3db6d439631ed593ef1f4835593ef13e50bacb7f0344f3c21f9f997b02ab0643a186b4af2119989aa538ddaa6bae9cb8ef0db4e3aaba8492625a9036be7fa884a1284dd480043ede9595a33104586cd4d1dab5d5b9dd160f3e89991626368b15de11314e98671b2f2731ba332732f765b3666708628e818baabde036421b4369b10900787b952674734bc95d6e997937e63b030ccec8145cdff943d487902d4282fe460820d87a69cce8a5519abac7cfdc7e4259fc4a6c39887a92fa3b162c7ce1485a0d8a4907c75f2d497578ba6e0cb8c33252ccf65bc7338fbf586af32973ba7ebd0cb7a579b466a84a528484a458074d6190168707c581e8976b4afb68ccfbeb42162c52411e30fd2195e2d9b87e50fcb3cc2ac5a7cf86ac02480369891904302f2b173e9a979b0eb4b46620820906187346f36bc943dcad398b4df9f4519ab5c5bb90b079ea56843892958b4189e9232cab46283b355496afcc5e3f00f9eaea6d68e69592b1e8a5cce919d19ed23e9d0a212093b044cbc5e796e6670e5d14f6b452ade6713e7aa9b674d2ee27c30e7aaa327ee5c566ab3d357586af32973ba7ebd14fd27dadab99e3cba2a97fec8abb98bdcba259ad2beda333ac79371e7139288d4d247e0c78a8eadd6c38dad0788b20829241da228cce2e3bfd4743880e21483b08b2169285292768364519ab56e3b9603593e2c9b7bfdb534bfc9a399d6551ad1cd28f05e3126ce8659b4f1b31e67a6accdc99bdc163e7120d68a55b1c4e27cf5950fce3dcf534bfc9a399d64d4a87d4c1eeaf1e5ee4e4a8984a064b07cb8eb6a1f9c7b9ea6907f09fdcefb3a6d9b7ff00df534a9b4376b2bc2f1b41df26261b61b2b5f90ce1c5df5ad67e224faeaa4ea8a6ec43b8a73e221b71b713790a046f33551658b40eb2f287df71f5de59d634f3ad2ad42c8862b1c1e479886a6587bb0e03ba1200b4987aa92cdec37cf844c54a61ec01b89c86e2dcfcdb7b1c279e30dd695f1b43ca11569456dbc9e63ff213372aad8f23d6010761d5a9e693da71239985d464d3fab6f2c6175968761b51e7843956995766ea61c79d70f5d64f3ddf640987c6c797eb027a6c7eb2a3da53bfbdf211ed49dfdcf908f6a4e77c7a47b5273be3d23da73bfbbf2106a1387f58c19b9a3faebf582e2d5b564f9ff95fffc4002a10010000030605040301000000000000000100112130314041517110618191f0a1b1c1d120e1f150ffda0008010100013f21ff004e871af2689b4a034ce67ec8caedc18728f8de3c8fdc67bed2fdc0af5e8fa87fbd0fc410bc86f42a12c9c68e42c885dea94339585f81937c2f5bcda9ae2ee05d2cfb8312c66e6ef64e4ce8cf321502b7fa624da9a4839b17815ef5b549df541935df106e6e6f8db208894639df06d961f6017adbee09fd18754ade7e5d387ef4fa96f30edec4b0f22ff3a7f16fcce3eb86054026b710b5202a49395b4a949ce939c0636a4c9cb0d2c977a060104930075c03a385e707c4c05db426f4854f31ef85be406645cb03dd6f7d721e3961e732acedc4e850cf0e32babcd4d22523d65ab23743af3899a91579b88aed400ecd1b4bb39d748552b7b8aac9549b146ce661f60bdc5cdee6f96b675e7c75c5804923318afc07fbac45280f06b8eeca3566aeefcc2904013b226ae78b9a3eac8dd8aee33c92789c6c75fac5fcbb3e902e5f5c0aed93f9837ad7e13835e8fce0c5e58ed9c568761fb84951c3edc6be60529df0ab0506ae025029e79d72844449193633eca750e09b3df8ebac4f478ba984923d227ac48e6db5dd0534a84bf0a58c975bfd78d724eda14f3b97ef0b24cca04008978f1accf01e9f84f3a1f7ac4f97d843947212b605402b009e45e912641dd3f396c565bb7072863a41981483896d9b74e09a4f3db380000fcb92fa138992b42f8534b4155b599a134906ab02cc6cfda58b9f3c824248c922775cc76ce04411a3c4135e0beb4384d229d62c4656fc306566ead393646e549bd5759cd61465eb7f0adb93be4e0b5c826bc8847721a0bb84b4946ca1496b56c54b297fc69fbb392856bedc17d24fec70bfb4e01d49f6ce02542cff0099f363217536774d3f741952444e645425df63c2f6d6bac0d754b72268173acdf6921eeef5b1f3bada494284bf3140733bce342978e8a314d28f5ad1e99ed63e775b44a4afbe0fc1059c7b16be99ed63336634eb01dac7de21574b18887b8b4210c554ea9d9073397e49c0a42ccc4ce172b96ec2c9f723236b498b3cb3de2e7c1e90474acfb6115000cda44ece5b77bc4dbb81eae00655225a09a7dd01bf7372f78bc3e06a8f7dd27bc0f304e567e86e1192b61879ca778a381e44df5898b7f4f0e2a98ca2ebbb38b8baecfde00cde1ca0d045fcec7f3b0f2de5a47d30117ef7647ad527fd5fffc4002a100100010106050500030100000000000001110021303140415110617191a12081b1c1f050d1f1e1ffda0008010100013f10fe4ca59b1d6b3454a2a08fd5a4522eb675854ffa9a11ed37cda13dff00e9a9f6a73150f266b2bc654670e7707bb0cfbbb15ae01033211b877611bcb9344d5b58306c066f4b79d3fb95182eb6fbbba7fe96564b4a0ca92ad41d40d2228909986d609b152028891241d6c5bd2902d2b5fa19801e5bf52c796f8d02088e08d471874b9cb8dd6f74bf725f9197a3ddbf65bf445d0265c877ebb2fe1db0765971dfac2321904e8b8cb3f640012aba14b377e53e37cd0007de8d85b46ab9416374cb0612301ddd32080044847046bc16bc86549260f0ee428a4353604b58c023d54e554a83a6c8c95a671b684c5fcec801f2b2e2b7de5bdfc52d65fe5ac4b8d37c551d05ec48284a45ee2811190a5f93ed8a92b9836e09bb7d3379e35b4334f7ca2aeeb9a0b6c1bb50a3c31e9b5cd8c66dd327d2ec4d293b0b9b1948c06112d128700237b97937383e6a35fed9d7408913c8ee35acdba426e9f5e0b3ee2fef69ef9169539bb1486daca48d0b1120ecf01464a6d82df474c54106fc63e6864bca34973c9a80c47b70f0a25d8e36f75d5e127f6c36c4bd8a47575a244822308e5c96cd1c39ac029535efd959693818151ef66ae9a9ecd24a401c44b9c3d9f030366613eaa58dfe82a651b50dff00468eafa92fbd89a1c9f483d08e822e2c7d08b0bd0517a5b3f342bdecd48a5901089a23c50514ff0003d0b629db677d0d27b3b3e269d0662c5d9be440a600b556936361895236afe570b94ecef208369a26d68f38c7801c4ff89e6305e04bc05d3b576a0400080340f52e56d20f3446975cbd1e785f9c5769dc915aa200a15d5cc5c9c07cf7652c7d9a528b23446128fc69b343408089823c568e0fc5b3a57346262054db121f17754b7637b342eacf4175ac7970129247c97017acbb00256a7642d8e4070b153dd56cf174d794fcbba41d78fd82d0bad1eb70e81ba436b8cbc2d740738f0a9e30274edf0280000040176631009d14b9fcc03145d6a78ad9163ed4f6b616484a9b0505e0919d9411501009d961ac328fbede39b8bb25cbf2b7d17763207acd959ae20f7871888e3aa4f70f277c179fbbb6e7f6b7d17629d8a6d632fb90f40784f3c4e280000202f3f7f6dc847b5a3380adbba45cae804a709827466f94c43a1a0b805460297421cd66317d2b0dfb2f87673238c3ab63a9fbe11d87b0bc15ae72b3a18347fbfe6e822ebbe0f550e531a17200eab412c5feba80626a22320a211119128c0cf2b40039cdf19547777688590ba0bed0ae707909e2ee7ff43e2d49cbb6f301153437ba0d27b74bcfd66d3d2507434cbcf1adc61a87f61758eaa23e0f71fe682015e6f191458c8790fbe9213edfc22a5bb4f81537fae31fe57fffd9, 'Md. Zobayer Ibna Kabir', 'akib97@gmail.com', 'Zobayer will take the Mathematics course');

-- --------------------------------------------------------

--
-- Table structure for table `user`
--

CREATE TABLE `user` (
  `userid` int(11) NOT NULL,
  `username` varchar(255) NOT NULL,
  `email` varchar(255) NOT NULL,
  `password` text NOT NULL,
  `type` varchar(100) NOT NULL DEFAULT 'normal',
  `created_at` varchar(100) NOT NULL,
  `age` int(11) NOT NULL,
  `school` varchar(255) NOT NULL,
  `gender` varchar(6) NOT NULL
) ENGINE=InnoDB DEFAULT CHARSET=utf8mb4;

--
-- Dumping data for table `user`
--

INSERT INTO `user` (`userid`, `username`, `email`, `password`, `type`, `created_at`, `age`, `school`, `gender`) VALUES
(1, 'admin', 'admin@gmail.com', '21232f297a57a5a743894a0e4a801fc3', 'admin', '23/01/22 12:47:28am', 30, 'aust', 'Male'),
(2, 'mahin', 'mahin@gmail.com', '74d5ee8d9e9c1659bf3ee0c3b9838adb', 'normal', '15/02/22 08:27:16pm', 23, 'aust', 'Male'),
(3, 'akib', 'akib@gmail.com', 'f3487412faca20f1af461f047c6181a6', 'special', '16/02/22 08:09:36pm', 23, 'aust', 'Male'),
(4, 'faysal ahmed', 'faysal@gmail.com', '026f42abc8fc8de39122cd09dcc30846', 'special', '20/02/22 11:34:04am', 23, 'aust', 'Male'),
(5, 'nosheen', 'nosheen@gmail.com', '00e26596663ec8d8e1fc6f5967051362', 'normal', '20/02/22 11:34:23am', 22, 'aust', 'Female'),
(6, 'sadee', 'sadee@gmail.com', '4461523bfe31e706e58366cf430830e0', 'normal', '20/02/22 11:34:37am', 22, 'aust', 'Male');

-- --------------------------------------------------------

--
-- Table structure for table `videos`
--

CREATE TABLE `videos` (
  `id` int(11) NOT NULL,
  `video_url` text NOT NULL
) ENGINE=InnoDB DEFAULT CHARSET=utf8mb4;

--
-- Dumping data for table `videos`
--

INSERT INTO `videos` (`id`, `video_url`) VALUES
(1, 'video-61f3f5cf892c51.14157573.webm'),
(2, 'video-61f3f5dda81e73.82816427.webm'),
(3, 'video-61f3f683644435.78518398.mp4'),
(4, 'video-61f3fc12a16de3.28708421.mp4'),
(5, 'video-61f3ffd6be4333.03339808.mp4'),
(6, 'video-61f40190319215.08285438.mp4'),
(7, 'video-61f4049f36f7b3.13024764webm'),
(8, 'video-61f40723b28976.57153400.mp4'),
(9, 'video-61f4089f18fd59.35694190.mp4'),
(10, 'video-61f60dce9362e1.91570073.webm'),
(11, 'video-620e1aae13c664.51387138.webm');

--
-- Indexes for dumped tables
--

--
-- Indexes for table `card`
--
ALTER TABLE `card`
  ADD PRIMARY KEY (`id`);

--
-- Indexes for table `comment`
--
ALTER TABLE `comment`
  ADD PRIMARY KEY (`commentid`),
  ADD KEY `postid` (`postid`),
  ADD KEY `userid` (`userid`);

--
-- Indexes for table `donation`
--
ALTER TABLE `donation`
  ADD PRIMARY KEY (`id`),
  ADD KEY `userid` (`userid`);

--
-- Indexes for table `likedpost`
--
ALTER TABLE `likedpost`
  ADD PRIMARY KEY (`likeid`),
  ADD KEY `userid` (`userid`),
  ADD KEY `postid` (`postid`);

--
-- Indexes for table `live`
--
ALTER TABLE `live`
  ADD PRIMARY KEY (`id`),
  ADD KEY `user_id` (`user_id`);

--
-- Indexes for table `post`
--
ALTER TABLE `post`
  ADD PRIMARY KEY (`postid`),
  ADD KEY `userid` (`userid`);

--
-- Indexes for table `team`
--
ALTER TABLE `team`
  ADD PRIMARY KEY (`id`);

--
-- Indexes for table `user`
--
ALTER TABLE `user`
  ADD PRIMARY KEY (`userid`);

--
-- Indexes for table `videos`
--
ALTER TABLE `videos`
  ADD PRIMARY KEY (`id`);

--
-- AUTO_INCREMENT for dumped tables
--

--
-- AUTO_INCREMENT for table `card`
--
ALTER TABLE `card`
  MODIFY `id` int(255) NOT NULL AUTO_INCREMENT, AUTO_INCREMENT=7;

--
-- AUTO_INCREMENT for table `comment`
--
ALTER TABLE `comment`
  MODIFY `commentid` int(11) NOT NULL AUTO_INCREMENT, AUTO_INCREMENT=15;

--
-- AUTO_INCREMENT for table `donation`
--
ALTER TABLE `donation`
  MODIFY `id` int(11) NOT NULL AUTO_INCREMENT, AUTO_INCREMENT=4;

--
-- AUTO_INCREMENT for table `likedpost`
--
ALTER TABLE `likedpost`
  MODIFY `likeid` int(11) NOT NULL AUTO_INCREMENT, AUTO_INCREMENT=36;

--
-- AUTO_INCREMENT for table `live`
--
ALTER TABLE `live`
  MODIFY `id` int(11) NOT NULL AUTO_INCREMENT, AUTO_INCREMENT=5;

--
-- AUTO_INCREMENT for table `post`
--
ALTER TABLE `post`
  MODIFY `postid` int(11) NOT NULL AUTO_INCREMENT, AUTO_INCREMENT=5;

--
-- AUTO_INCREMENT for table `team`
--
ALTER TABLE `team`
  MODIFY `id` int(11) NOT NULL AUTO_INCREMENT, AUTO_INCREMENT=6;

--
-- AUTO_INCREMENT for table `user`
--
ALTER TABLE `user`
  MODIFY `userid` int(11) NOT NULL AUTO_INCREMENT, AUTO_INCREMENT=9;

--
-- AUTO_INCREMENT for table `videos`
--
ALTER TABLE `videos`
  MODIFY `id` int(11) NOT NULL AUTO_INCREMENT, AUTO_INCREMENT=12;

--
-- Constraints for dumped tables
--

--
-- Constraints for table `comment`
--
ALTER TABLE `comment`
  ADD CONSTRAINT `comment_ibfk_1` FOREIGN KEY (`postid`) REFERENCES `post` (`postid`),
  ADD CONSTRAINT `comment_ibfk_2` FOREIGN KEY (`userid`) REFERENCES `user` (`userid`);

--
-- Constraints for table `donation`
--
ALTER TABLE `donation`
  ADD CONSTRAINT `donation_ibfk_1` FOREIGN KEY (`userid`) REFERENCES `user` (`userid`);

--
-- Constraints for table `likedpost`
--
ALTER TABLE `likedpost`
  ADD CONSTRAINT `likedpost_ibfk_1` FOREIGN KEY (`userid`) REFERENCES `user` (`userid`),
  ADD CONSTRAINT `likedpost_ibfk_2` FOREIGN KEY (`postid`) REFERENCES `post` (`postid`);

--
-- Constraints for table `live`
--
ALTER TABLE `live`
  ADD CONSTRAINT `live_ibfk_1` FOREIGN KEY (`user_id`) REFERENCES `user` (`userid`);

--
-- Constraints for table `post`
--
ALTER TABLE `post`
  ADD CONSTRAINT `post_ibfk_1` FOREIGN KEY (`userid`) REFERENCES `user` (`userid`);
COMMIT;

/*!40101 SET CHARACTER_SET_CLIENT=@OLD_CHARACTER_SET_CLIENT */;
/*!40101 SET CHARACTER_SET_RESULTS=@OLD_CHARACTER_SET_RESULTS */;
/*!40101 SET COLLATION_CONNECTION=@OLD_COLLATION_CONNECTION */;
